tamanho;tipo;media_comparacoes;media_trocas;tempo_medio_ns;tempo_medio_ms;validacao
100;Aleatorio;4950.0;91.0;115750.0;0.11575;Sim
100;Crescente;4950.0;0.0;344575.0;0.344575;Sim
100;Decrescente;4950.0;50.0;323400.0;0.3234;Sim
1000;Aleatorio;499500.0;995.0;4792325.0;4.792325;Sim
1000;Crescente;499500.0;0.0;1999725.0;1.999725;Sim
1000;Decrescente;499500.0;500.0;984525.0;0.984525;Sim
5000;Aleatorio;1.24975E7;4989.0;1.619915E7;16.19915;Sim
5000;Crescente;1.24975E7;0.0;1.3631625E7;13.631625;Sim
5000;Decrescente;1.24975E7;2500.0;1.38047E7;13.8047;Sim
10000;Aleatorio;4.9995E7;9988.0;5.3434725E7;53.434725;Sim
10000;Crescente;4.9995E7;0.0;5.22782E7;52.2782;Sim
10000;Decrescente;4.9995E7;5000.0;7.036635E7;70.36635;Sim
50000;Aleatorio;1.249975E9;49989.0;1.246232025E9;1246.232025;Sim
50000;Crescente;1.249975E9;0.0;1.3203662E9;1320.3662;Sim
50000;Decrescente;1.249975E9;25000.0;1.345173075E9;1345.173075;Sim
